{
  "timestamp": "2025-11-26T14:48:41.976618",
  "total_runs": 30,
  "methodology": "RFC 2544 Extended + Statistical Analysis",
  "scenarios": {
    "high_load": {
      "count": 30,
      "mean": 18.173287898699435,
      "std_dev": 7.105427357601002e-15,
      "min": 18.173287898699442,
      "max": 18.173287898699442,
      "median": 18.173287898699442,
      "confidence_95_plus": 18.17328789869944,
      "confidence_95_minus": 18.17328789869943,
      "confidence_interval_95": 2.542644525055298e-15
    },
    "link_failure": {
      "count": 30,
      "mean": 18.173287898699435,
      "std_dev": 7.105427357601002e-15,
      "min": 18.173287898699442,
      "max": 18.173287898699442,
      "median": 18.173287898699442,
      "confidence_95_plus": 18.17328789869944,
      "confidence_95_minus": 18.17328789869943,
      "confidence_interval_95": 2.542644525055298e-15
    },
    "burst_congestion": {
      "count": 30,
      "mean": 18.173287898699435,
      "std_dev": 7.105427357601002e-15,
      "min": 18.173287898699442,
      "max": 18.173287898699442,
      "median": 18.173287898699442,
      "confidence_95_plus": 18.17328789869944,
      "confidence_95_minus": 18.17328789869943,
      "confidence_interval_95": 2.542644525055298e-15
    }
  }
}